{
  "0": 0.05504618018353561,
  "1": 0.0933150611171775,
  "2": 0.12874397658912065,
  "3": 0.4890571519936563,
  "4": 4.23383763011651
}